"","logFC","AveExpr","t","P.Value","adj.P.Val","B"
"TMEM132C",-2.71027089821502,6.9082702058735,-27.2906090931803,5.62658562176241e-66,7.30387079560978e-62,139.788225199358
"LOC284825",-3.21290095503635,5.15067116878673,-26.5768686939749,2.60845198896627e-64,1.69301576343856e-60,135.987029324888
"SDPR",-3.5000911316059,6.14507402076101,-25.2175027952092,4.61572580559555e-61,1.99722455608119e-57,128.572097820872
"CA4",-2.44370367950832,5.92131934113793,-24.8685730481791,3.26522372297727e-60,1.0596467286992e-56,126.631229810326
"ADH1C",-3.34906219429337,5.23344559754716,-24.8198648419423,4.29581478333948e-60,1.1152794340506e-56,126.359067928781
"PGM5-AS1",-2.22053974766473,5.85522933360389,-24.5548512919593,1.92080147861186e-59,4.15565399897676e-56,124.872986366371
"ACVR1C",-3.99131392162441,5.55074914004069,-24.4158645073571,4.22796067277981e-59,7.84045107047925e-56,124.090029014942
"ATP1A2",-2.79047264078212,5.54626603628119,-24.384419478864,5.05590824411357e-59,8.20384311460478e-56,123.912546956164
"ASPA",-2.40805741721279,5.40515133007542,-24.3370429158983,6.62093782318548e-59,8.59463938827707e-56,123.644905615174
"SLC19A3",-4.0088480278301,6.12152635703,-23.9073116983249,7.74203933859049e-58,9.13631024129483e-55,121.204142418023
"FIGF /// PIR-FIGF",-3.58723685646534,6.08365425398262,-23.8292495731227,1.21319855434464e-57,1.31237753616231e-54,120.758231898787
"LYVE1",-3.5848171860118,7.04834124464854,-23.3753098162137,1.67852948629883e-56,1.64770039969905e-53,118.149731289574
"GPD1",-2.50869169293015,6.14229203902291,-23.3655050528586,1.77704380215597e-56,1.64770039969905e-53,118.093097957705
"BHMT2",-2.11949110588682,5.39068756347994,-23.2157302859149,4.25323438603494e-56,3.5340797062646e-53,117.226449852488
"PDE3B",-3.02722331972865,5.51268572973449,-23.2116397200793,4.35600302751973e-56,3.5340797062646e-53,117.202740054847
"PCK1",-4.72316606563368,6.20561981321462,-23.1365335853374,6.75510013459693e-56,5.15811499101193e-53,116.767027146425
"BLOC1S1-RDH5 /// RDH5",-3.13751568111176,7.53131855167155,-22.9813481124918,1.67615791040239e-55,1.20878921305186e-52,115.86445758339
"GLYAT",-2.72236317927993,4.83806746649464,-22.7250698826555,7.56824609058751e-55,4.89014926849273e-52,114.367162877162
"MRAP",-2.62932965953129,5.94348079969887,-22.7175602869336,7.91103417597623e-55,4.89014926849273e-52,114.323161399423
"CIDEA",-3.24446465279462,6.89927633494277,-22.5205252607665,2.53570507821537e-54,1.49618125546881e-51,113.166079230388
"AQP7 /// LOC100509620 /// LOC101930168",-2.8845897490597,7.75975298392462,-22.2227290258634,1.48828621302961e-53,8.39975797014669e-51,111.407850915887
"SCARA5",-2.69055357383087,6.06357347983956,-22.0493372311705,4.19205427619794e-53,2.26737735663856e-50,110.378904658269
"ACSM5",-2.07005958796113,5.63079280950038,-21.9183822716296,9.18716574647565e-53,4.58686917519233e-50,109.599247887617
"AQPEP",-3.04212354627742,4.29136439226059,-21.8937912707467,1.06481288612901e-52,5.11938373142247e-50,109.452598802799
"KLB",-3.92208998301297,5.8969630611244,-21.7181532846212,3.06193597641745e-52,1.37058589344396e-49,108.402941791699
"ACADL",-2.60582139765203,4.96607380597252,-21.3950904605026,2.15836381044247e-51,8.75553769479803e-49,106.462024199478
"ANGPTL1",-2.11951487927835,5.49762170064277,-21.1241101411526,1.12167942317505e-50,4.41227896734405e-48,104.823854554485
"FHL1",-4.23549944479357,8.87524452943406,-21.1182800948131,1.1622810143012e-50,4.43752054313054e-48,104.788508505588
"GYG2",-3.57985983011223,6.94850050529015,-21.0128810140533,2.2120881567006e-50,8.20431896060872e-48,104.148766915739
"FXYD1",-2.1988552283045,7.02981621934679,-20.9632807159925,2.99595748592628e-50,1.08029233680025e-47,103.847226594466
"AKAP12",-2.5475692881916,6.18807561544317,-20.8962753210134,4.51548009942336e-50,1.58420127488148e-47,103.439385702781
"CPED1",-2.25551130124068,6.95686920830436,-20.8680835030526,5.36707987837997e-50,1.78641189490386e-47,103.267623534405
"RNF150",-2.20364412576306,5.45329247885077,-20.6913613693364,1.58876276779526e-49,5.03017792408542e-47,102.188668995806
"TNXA /// TNXB",-2.27064102535231,7.44145978291664,-20.4294574945002,7.99114490033261e-49,2.41239655700506e-46,100.582534577495
"HEPACAM /// HEPN1",-2.73490152192496,5.4127362204957,-20.192256144027,3.47622829074475e-48,1.02556635095813e-45,99.1206125815422
"LOC101930114",-3.41065247434709,6.47144484090361,-19.9805778107773,1.29833569588567e-47,3.74526570406486e-45,97.8102051900918
"CIDEC",-4.34560262226375,8.86061949067481,-19.9120035057495,1.99194981885434e-47,5.62119578229307e-45,97.384529179077
"ACACB",-2.4849399397403,7.29908123055369,-19.8964000770841,2.19588782667901e-47,6.06485529321706e-45,97.2875915435602
"TUSC5",-2.74539496056031,7.11065883538301,-19.7915885208173,4.22947889476351e-47,1.12046664352908e-44,96.6356826989772
"UHRF1",2.92026213053364,7.04777243965367,19.5189394884412,2.34131669619878e-46,5.6282651913623e-44,94.9337125433937
"SPX",-2.72818340583459,5.84466562896229,-19.4949174176903,2.72345195849284e-46,6.42784179512645e-44,94.7833359217693
"RBP4",-3.3100189179427,6.29447440695194,-19.466977904367,3.24730866456315e-46,7.52737745976684e-44,94.6083507888639
"PPP1R1A",-3.35926360163936,6.90361015554939,-19.4450030562248,3.72944389466085e-46,8.49331775378815e-44,94.4706577817535
"TNMD",-3.40421790349685,5.98997100875744,-19.4401437058449,3.84540389088098e-46,8.60641170819414e-44,94.4402017322987
"ITGA7",-2.65541278481011,7.14916368630982,-19.4353667866254,3.9629211293277e-46,8.71909816606828e-44,94.4102596161743
"ITIH5",-3.15607198356141,6.91967940987694,-19.4272632329091,4.17057427406758e-46,9.02303744194521e-44,94.3594597539264
"PALMD",-2.66771685257575,6.42383088629454,-19.4113421576617,4.61087619985453e-46,9.65383612101801e-44,94.2596306600114
"CCDC69",-2.98170265395195,6.29139673930551,-19.178909382829,2.00248966944667e-45,3.99912590755188e-43,92.7988469174791
"PPARG",-3.47845893822958,6.98055581435167,-19.1600855715955,2.25600574505012e-45,4.43715311765084e-43,92.6802689761849
"RP11-736K20.5",-2.09986233487598,5.74555004971627,-19.0335606611083,5.03233080953928e-45,9.42190511670882e-43,91.8821829292878
"HSPB2",-2.02273012542144,6.8739391582255,-18.9498319236522,8.56600940783709e-45,1.5443801128213e-42,91.3530341430493
"EMP1",-2.05270823805982,6.96247112616787,-18.9241849597431,1.0083420434281e-44,1.77635122935038e-42,91.1907904396661
"SLC7A10",-2.28426986243884,6.0303190937982,-18.9235172180729,1.01263377992395e-44,1.77635122935038e-42,91.1865652796018
"TMEM100",-3.57240283152394,6.05164676315702,-18.8063723232689,2.1349317142649e-44,3.64651955037798e-42,90.4445439098514
"MYZAP",-2.90108383732747,6.9313049759933,-18.7782784750846,2.5536941153692e-44,4.24993632200098e-42,90.2663607414917
"CDKN2C",-2.07198829547229,7.74482942095431,-18.7334452151117,3.39922681341917e-44,5.58548902088535e-42,89.9818251794702
"GNG11",-2.05342931364399,6.79530980994701,-18.6880563619417,4.54181547818409e-44,7.2786798422602e-42,89.693533885113
"MAOA",-3.60276530294106,7.34276274276449,-18.6666472041896,5.20744757760734e-44,8.14432253071336e-42,89.55747177048
"MARC1",-2.52560288791671,8.04390072693193,-18.6514514703713,5.7384655826695e-44,8.86797877721819e-42,89.4608669363666
"ALDH1A1",-3.36469580678947,7.80843679701818,-18.5582700891895,1.0414355401655e-43,1.5904558525751e-41,88.867917313708
"LRRN4CL",-2.78574776265679,6.66079276322377,-18.5459957409078,1.12657110435331e-43,1.70046738437329e-41,88.7897390904881
"TIMP4",-4.39572144883553,7.23614645213186,-18.4925061604984,1.58693286391122e-43,2.36781327660132e-41,88.4488572180022
"LEP",-5.34535523574133,7.48536191796369,-18.4439065789353,2.16706899076952e-43,3.1966730192249e-41,88.1388657620585
"DDR2",-2.34920834849756,7.96928386576743,-18.4135898027195,2.63232289619729e-43,3.83934646241989e-41,87.9453597236526
"CFL2",-2.08283430799081,6.62814569022715,-18.3824170160446,3.21540452635444e-43,4.61041827765392e-41,87.7462852499452
"KIAA0101",2.19261494352982,7.12907929485306,18.3726677941501,3.42311636118355e-43,4.82994277005692e-41,87.6840033933753
"FGF2",-2.30574691099938,5.92108601352749,-18.3486885732867,3.99307528235589e-43,5.57356024088836e-41,87.530770723188
"CLEC3B /// EXOSC7",-3.46169550137316,8.47933579353874,-18.2233339854748,8.94125830415856e-43,1.20902577131544e-40,86.7287130799155
"MME",-3.03227554071968,6.92630450733035,-18.1733968175588,1.23329333721526e-42,1.65045162993725e-40,86.4087286304318
"LGALS12",-3.08927759317308,6.44379408430326,-18.104607534227,1.92153764970051e-42,2.54525308477166e-40,85.9675087684251
"AKR1C1 /// AKR1C2 /// LOC101930400",-3.46644186470013,5.12165583415903,-18.0704214069245,2.39572507537639e-42,3.14130375792534e-40,85.7480493084048
"C14orf180",-2.55348355697467,6.13067039044224,-18.0640190050956,2.49679085167852e-42,3.20899426194444e-40,85.7069350372007
"PLAC9",-2.11113775721718,7.14849043667542,-18.0421263964209,2.87580009603959e-42,3.61893250157602e-40,85.566314676699
"PLIN4",-4.24241834176688,8.75957217574694,-18.0408614498853,2.89938356185121e-42,3.61893250157602e-40,85.5581881410851
"GPR146",-2.51822693107427,6.21048574750439,-18.0176797905856,3.36760514837965e-42,4.12404551236946e-40,85.409229805036
"NUSAP1",2.99280318618877,7.08589506220852,17.8856066034506,7.91039024799767e-42,9.50784961196831e-40,84.5594935215929
"HRASLS5",-2.06739799272602,6.2658056147154,-17.7366288338372,2.07720907787923e-41,2.45129554908639e-39,83.5988273073077
"CLMP",-2.54927678159025,6.99163528894879,-17.7024954068083,2.59228780042258e-41,2.97791928648545e-39,83.3784018758788
"COPG2IT1",-2.7829375839983,6.1615918434247,-17.6353011413486,4.01065367522308e-41,4.52715611809311e-39,82.9441324595656
"CCDC3",-2.74123423275518,8.63371950773575,-17.572107947617,6.04840086390865e-41,6.76847341503433e-39,82.5353067368302
"INHBA",2.26471371170278,6.6168501650721,17.4136326135951,1.69765295417464e-40,1.86756211848653e-38,81.508310068931
"CDO1",-2.5319177362021,6.23917879041663,-17.2690901136892,4.36091910833905e-40,4.67843726821067e-38,80.5694615227992
"NMB",-2.21297571100976,7.73108758999198,-17.1757629172709,8.0276847140667e-40,8.54158813715572e-38,79.9622058009029
"HLF",-2.22608769426034,5.70091549226311,-17.1678870959759,8.45222189640211e-40,8.92018637700779e-38,79.9109220496507
"DEFB132",-3.45193618801114,5.15661069283345,-17.0850400426583,1.45394803784465e-39,1.50989595834091e-37,79.3711063813942
"SLC16A7",-2.6016566805451,5.2521302825297,-17.0645746786396,1.66259143089906e-39,1.69937790271659e-37,79.2376590845486
"PLIN1",-4.65431270546274,9.39020157014435,-17.0317248324065,2.0620487502125e-39,2.09120740832098e-37,79.0233757061095
"DTL",2.35148722539432,6.39203292999287,17.0195495147999,2.23341428214106e-39,2.24743804623822e-37,78.943929325787
"CAV2",-2.63687997596722,7.54500647433949,-16.9888838079237,2.73098293353345e-39,2.72699149693829e-37,78.7437689247372
"VGLL3",-2.48412950500271,6.13360071070131,-16.8343604712389,7.53417774395848e-39,7.19126185987684e-37,77.7338639566801
"GNAI1",-3.03464932300248,6.65968418716394,-16.8134289453788,8.64582592457873e-39,8.13271495122873e-37,77.5968981308668
"MICU3",-2.26367802948077,4.34066402933415,-16.7828115129586,1.05746494535426e-38,9.87550536377237e-37,77.3964821491757
"FBLN5",-2.39618507653141,8.43885348198561,-16.7692285744101,1.1563186744421e-38,1.07215519378092e-36,77.3075441583345
"CES1 /// LOC100653057",-3.62728356013543,7.87846768788735,-16.6995977054495,1.82873070402973e-38,1.66005267615454e-36,76.8513619556048
"MTURN",-2.16841937175111,6.48596167711969,-16.5930593892811,3.69056997795663e-38,3.25899924379966e-36,76.1525663058826
"EBF1",-2.81192538268801,6.58165613855522,-16.5831239171169,3.94051748637776e-38,3.45620658720741e-36,76.087348777308
"ZWINT",2.61911707136337,8.25808369208492,16.5307724350174,5.56637516294639e-38,4.84947087182598e-36,75.743569256039
"COL10A1",3.84023476590412,7.70701516806128,16.4664517556968,8.51193390125876e-38,7.26930355080526e-36,75.3208745347186
"LOC101926960",-3.2569286291083,4.45421976885604,-16.4654464123229,8.56865212759539e-38,7.26991328551083e-36,75.3142649964565
"CEBPA",-2.40867180795831,8.98602796424622,-16.4367925165294,1.03546195044003e-37,8.67182682494326e-36,75.1258472667623
"AOC3",-3.43984780620686,8.7398803928402,-16.3346963704441,2.03392686189053e-37,1.65015028713756e-35,74.4539502911462
"HBA1 /// HBA2",-3.65719154521168,10.4182972895561,-16.3221859179218,2.20947162636847e-37,1.78143796160802e-35,74.3715603354732
"GPAM",-3.97459689596598,8.09223459991384,-16.2282382811809,4.11579612713347e-37,3.18018747180473e-35,73.7524493782167
"LINC00341 /// SYNE3",-2.59137584517877,8.31184175505055,-16.1941438345196,5.15910905524677e-37,3.89362759570688e-35,73.5275952815289
"IGFBP6",-2.72255864737297,8.27140427185778,-16.1495102049767,6.93563601767407e-37,5.14465663688155e-35,73.2330974348838
"LOC100996506 /// RETSAT",-2.40463704313798,7.15787111482202,-16.1481530831281,6.99833696474542e-37,5.1456048178978e-35,73.2241405622675
"PAFAH1B3",2.4661737672467,8.48375254998188,16.0713183671065,1.16515083250404e-36,8.44962176353904e-35,72.7168077488332
"NPR3",-2.00104599708973,5.62104139167085,-16.0053780952733,1.80523952582521e-36,1.30187857137428e-34,72.2810521769756
"AKR1C2 /// LOC101930400",-2.6701083086541,7.48733421368328,-15.9934189792751,1.95450465695537e-36,1.40173618518992e-34,72.2019873681279
"SPINT2",2.90343627062573,10.3451935264053,15.9540765754805,2.53846783266491e-36,1.79086146390344e-34,71.9418096624582
"PCOLCE2",-4.51266133113433,6.9264436264094,-15.9498709276969,2.61042574604068e-36,1.83167224915428e-34,71.91399026814
"SAA1 /// SAA2 /// SAA2-SAA4",-3.67737536276231,8.68795363494262,-15.8749965392436,4.29469273928053e-36,2.9497040448995e-34,71.4184971208785
"ADH1B",-3.47128226216538,6.83350993067826,-15.827680899087,5.88383429444701e-36,4.00485323957951e-34,71.1051696939672
"SEMA3G",-2.88032728138967,7.83199817001473,-15.8274555396594,5.89266596379083e-36,4.00485323957951e-34,71.1036769661454
"LRRN3",-2.24416951551258,5.9380845005212,-15.7809346958891,8.03177498051119e-36,5.37425108360906e-34,70.7954569818899
"EDNRB",-2.16483728328436,6.29136404609639,-15.7752249068822,8.34303557024618e-36,5.55389460191619e-34,70.7576167636969
"MAB21L1 /// MIR548F5",-2.22100883448878,5.23161115266532,-15.7609414005689,9.17563207606081e-36,6.07698367241558e-34,70.6629463749986
"HBB",-2.99117409576847,9.34389201903766,-15.7447914948663,1.02177087750311e-35,6.73279581769941e-34,70.5558884783279
"RRM2",3.56802125105465,7.73887018149377,15.6928860271085,1.4439629990677e-35,9.46670893479686e-34,70.2116846935902
"CNRIP1",-2.12918788603549,8.24813780981668,-15.6794700109161,1.57903615881283e-35,1.03002353656027e-33,70.1226882926231
"PDK4",-2.24280680411951,6.49521897934622,-15.6295066860866,2.20328303776294e-35,1.42292622453735e-33,69.7911448724348
"WASF3",-2.6007432185365,7.25177723812141,-15.6144506361728,2.43602811915005e-35,1.56544955518252e-33,69.6912040991415
"GINS1",2.62600343803416,6.36327456446952,15.5900870858549,2.86595116361553e-35,1.81212435842113e-33,69.5294490644155
"ESRP1",3.07302411873339,8.63033954225012,15.5801905487673,3.06158348878942e-35,1.91992344289737e-33,69.4637325623099
"MCAM",-2.43727549949362,8.86039287567423,-15.5101023455018,4.88789434723067e-35,3.02141697720959e-33,68.998139310797
"CKS2",2.89968129962549,8.64039144296302,15.5004009928526,5.21501564238856e-35,3.19321311574745e-33,68.9336686127296
"MAMDC2",-3.13171163662857,6.31470877088057,-15.4108271318403,9.48729341361424e-35,5.64206647164419e-33,68.3381209046211
"ADAMTS5",-2.27389333793526,6.49028641652882,-15.4071494579518,9.72338152424308e-35,5.73723707119088e-33,68.3136585240229
"MT1M",-2.4369027979507,6.34754234830545,-15.3938367323976,1.06282694739518e-34,6.21466513699858e-33,68.2251007529261
"CRYAB",-3.47190606355042,9.48815866479611,-15.3263664661015,1.66875941200954e-34,9.71397575215063e-33,67.7761146146447
"LOC401052",-2.18067953067189,6.02271910676559,-15.2663653388142,2.49307687258725e-34,1.42566655872489e-32,67.3766034408584
"GRHL2",2.10730521853589,7.67556365628078,15.2307966988411,3.16321998342654e-34,1.78529385238522e-32,67.1396738382779
"DPT",-3.17658273058523,8.63966577614054,-15.217621676696,3.45490225100783e-34,1.93310716035917e-32,67.0518939344135
"RSPO3",-2.42601785926762,6.60566602767762,-15.1294728164642,6.2350528222292e-34,3.42954324937955e-32,66.4643406328815
"ACSL1",-2.9443759475114,9.06328746074325,-15.1080897698834,7.19560273375304e-34,3.9082058195334e-32,66.3217475673682
"SDC1",2.85909476021703,8.90934199531764,15.0672524665707,9.46103852038628e-34,5.09600585199728e-32,66.0493545826257
"UBE2C",2.47569426741193,8.16027589817499,15.0142367990945,1.34995327786273e-33,7.18186209013775e-32,65.6955967593361
"GPX3",-3.55731336394967,9.81872121377649,-14.9279600262297,2.40819722748001e-33,1.26561976558373e-31,65.1195861661444
"EZH2",2.53377668518358,6.28364274824454,14.9233296457671,2.4842066017749e-33,1.30030185071129e-31,65.0886616639601
"GHR",-3.81599010516981,7.63144322174317,-14.9036613306167,2.83477146190032e-33,1.47192673387712e-31,64.9572928206108
"SGCG",-2.82195138527734,5.63132714186277,-14.9023507382236,2.85981898076083e-33,1.47901634220145e-31,64.9485384177355
"TOP2A",2.48249132931935,5.87449164702975,14.8149895564644,5.14147324212458e-33,2.62761669905587e-31,64.3648018565176
"KLF4",-2.37635134840023,8.28356316078608,-14.7802122062776,6.49448406800276e-33,3.25501535470053e-31,64.1323234649212
"DGAT2",-3.3258508693181,8.32491335747642,-14.66430905857,1.41530119705604e-32,6.98556077527925e-31,63.357144062552
"THRSP",-3.40950652923108,7.93645067852542,-14.6475777367915,1.58382361869769e-32,7.72917834372736e-31,63.2451938447979
"NRN1",-2.38474974074302,7.58294845612933,-14.5867905545979,2.38373866252984e-32,1.12931794081386e-30,62.8383649259679
"FERMT2",-2.01586240693441,8.24992603693675,-14.4212648817475,7.26226365403861e-32,3.31941705961532e-30,61.7298160354987
"HCAR3",-2.673343423254,6.60141098448202,-14.3835657847477,9.36108927376444e-32,4.23401741682008e-30,61.477198494907
"CALB2",-2.64963480435247,7.15804944381788,-14.2508079016377,2.28961232020444e-31,1.01093392954333e-29,60.5872227450868
"KRT8",2.97373995655766,10.0319923117344,14.2432981853052,2.40847563420268e-31,1.05623047998598e-29,60.5368627597953
"TMEM170B",-2.35228098005989,5.67000314373179,-14.1886533160624,3.48101940687839e-31,1.50123298739829e-29,60.1703650231415
"LPL",-4.42677659951108,9.40016697052728,-14.1595819176329,4.23471852443359e-31,1.80825266992344e-29,59.9753510014087
"FMO2",-2.82018264685252,8.30423804380117,-14.103564696922,6.17827921220369e-31,2.60390397576675e-29,59.5995164578785
"RAB25",2.99502292506131,9.09615542957778,14.0709026656101,7.70076545245448e-31,3.18355529739846e-29,59.3803403986267
"COX7A1",-2.65283943438049,8.92195217536556,-14.0338733306418,9.8856893655935e-31,4.06095359666991e-29,59.1318259997716
"FABP4",-4.7310558380284,9.543107443878,-14.0040307735808,1.20903347420854e-30,4.95093486709814e-29,58.9315205320839
"CCNB1",2.42032380965721,6.31254706745602,13.9886911826378,1.3408595565095e-30,5.47348990661945e-29,58.8285521758175
"COL11A1",3.59328378164104,6.95359502192608,13.9747747943201,1.47285642564797e-30,5.99346371828724e-29,58.735132696564
"HSD11B1",-2.41614708898812,6.6752766806116,-13.9499688425196,1.74120747603471e-30,7.06331695200203e-29,58.5686022232533
"FGFBP2",-2.4726836287237,5.18802113979992,-13.9023073749571,2.40177476041528e-30,9.65245763620767e-29,58.2485997334403
"CDC20",2.82718427828912,7.10417698693856,13.8288756414844,3.94257355228512e-30,1.56032156348211e-28,57.755489812271
"GPR34",-2.5215428148465,7.90789986655797,-13.7980858883936,4.85340032570362e-30,1.90915120084723e-28,57.5487024130297
"CHRDL1",-4.16578415912242,7.99428571407768,-13.7606965407055,6.24698315723586e-30,2.41345501083568e-28,57.2975715658868
"CAV1",-2.92363394525366,9.63478465685323,-13.7460464766301,6.89646595445469e-30,2.65646957135835e-28,57.1991667675712
"FAM47E /// FAM47E-STBD1 /// STBD1",-2.05727950709905,7.38090143005401,-13.7367810619868,7.34167256850194e-30,2.8195932429504e-28,57.1369292364828
"PRSS8",2.89602822905813,7.78458448639632,13.6830881104288,1.05498644364602e-29,4.00432135233012e-28,56.7762416315378
"PPP1R14A",-2.72654190171118,6.61140621672427,-13.6567271542101,1.26053707534639e-29,4.7155711167353e-28,56.5991467506404
"FAM89A /// MIR1182",-2.51886626708495,7.12171088414697,-13.6248848975293,1.56294835825711e-29,5.81336178754602e-28,56.3852182393141
"MARVELD2",2.17302630869191,6.62882264463839,13.5810406257796,2.10156328868469e-29,7.72815667150593e-28,56.0906399758235
"PTTG1",2.13979902920221,8.49617018734172,13.5782224412984,2.14194684246396e-29,7.83228505972525e-28,56.0717047704757
"AKAP2 /// PALM2-AKAP2",-2.04177876330324,8.74143659010577,-13.516123230601,3.25810250432669e-29,1.15555815870669e-27,55.6544496475795
"BUB1B",2.44726716694754,6.42041581535861,13.464002083407,4.63300559092294e-29,1.62983863348972e-27,55.3042217975857
"OGN",-3.02713359513371,7.67450537702781,-13.458783965315,4.7992203590859e-29,1.68374809408903e-27,55.2691580367053
"PRC1",2.60725375722922,7.32546650693731,13.4379231065646,5.52546450344822e-29,1.92295052866652e-27,55.1289801387902
"ANXA1",-2.70975333364043,8.61962132486276,-13.3904666406031,7.61363780573761e-29,2.61461990360529e-27,54.8100849395285
"ESRP2 /// MIR6773",2.03140480346599,7.99569887420991,13.3246311161532,1.18779089335759e-28,4.01528999652991e-27,54.3676846694257
"SAA1 /// SAA2",-3.16330639356557,9.78016969886007,-13.2840897291136,1.56200155879916e-28,5.18576527743527e-27,54.0952581883803
"PRKAR2B",-3.05453326183452,9.46647386969507,-13.2808159690054,1.59693088036887e-28,5.28820401991539e-27,54.0732596521473
"P2RY14",-2.52299796282646,6.23361931336274,-13.2639994774199,1.78905135543961e-28,5.90933222518106e-27,53.9602592256053
"IFT80 /// TRIM59",2.11738170619935,5.72130266174623,13.263145112006,1.79940683376704e-28,5.92845180434772e-27,53.9545182431481
"EPDR1",-2.25929676899243,7.04587645999872,-13.1248325152968,4.58039075942743e-28,1.45374211364615e-26,53.0251702099368
"AP1M2",2.0141945068463,7.69573878081911,13.1063353087858,5.18997764962584e-28,1.64319755779983e-26,52.9008954107766
"ALDOC",-2.187578353816,7.74098647895641,-13.0958071091669,5.57250282034663e-28,1.75149295668086e-26,52.8301624894889
"ALDH2",-2.37689488247194,9.94186474300864,-13.0391751930071,8.16911766340449e-28,2.50102161293995e-26,52.449706528167
"G0S2",-3.86522247775317,9.32031178624648,-12.9897638352324,1.14053384669251e-27,3.41923091545391e-26,52.1177921534365
"CCL14 /// CCL15-CCL14",-2.21102671741431,8.92095484567242,-12.9700320113354,1.30311299354744e-27,3.87974994707325e-26,51.9852560916343
"KRT18",3.27123226282604,11.392537666821,12.9668462918311,1.33145247818418e-27,3.95505368862904e-26,51.9638585995326
"MGLL",-2.43150836727506,8.90597380700543,-12.8139730835762,3.73784527924928e-27,1.06172799934212e-25,50.9372707585322
"UBE2T",2.002576274798,6.81787956079981,12.7781569689303,4.76020453849558e-27,1.34330902422198e-25,50.6968249862462
"HOOK1",2.01504919446014,6.21997091567559,12.7429128082571,6.03868011601689e-27,1.68576573303259e-25,50.4602488006135
"KIF20A",2.20945596285596,6.2039026712373,12.7226747692445,6.92250869606017e-27,1.92422024375925e-25,50.3244152329017
"EPCAM",3.72445701248802,10.3827819855244,12.6983799130396,8.15588229817637e-27,2.25738823267862e-25,50.1613673816496
"TPD52",2.32996353946657,8.16055655942754,12.6839186240593,8.99194526515394e-27,2.46774717731423e-25,50.0643222715326
"CD36",-3.05981436975029,7.48366934314855,-12.6589106582663,1.06448855530205e-26,2.90296763369242e-25,49.8965156474842
"ADIPOQ",-4.58785989579559,9.15994651514842,-12.6257389412651,1.33150259244005e-26,3.57851659471309e-25,49.6739573872302
"GJB2",3.08898456186654,6.70087604508951,12.5602216925995,2.07149955687973e-26,5.49900526541019e-25,49.2344842901885
"TMEM125",2.03294140140947,7.42391820324357,12.540808340449,2.36128745857432e-26,6.23005538612871e-25,49.1042914818798
"ZBTB16",-2.56121000283668,7.00974847117383,-12.5282441465478,2.57008936802814e-26,6.76720691407166e-25,49.0200384354372
"IL33",-2.2169286716662,6.10199368616567,-12.4997668075634,3.11420918606591e-26,8.15031238796807e-25,48.8290954847671
"SYNE4",2.14969089052991,7.20723917918627,12.4268158438451,5.09261790332164e-26,1.28864079927911e-24,48.3400897388848
"PLA2G4A",-2.43310404065259,5.93363915310855,-12.4201112666104,5.32803943163968e-26,1.34297630800223e-24,48.2951578415753
"PLSCR4",-2.16534547524197,8.09903493794788,-12.4126212710017,5.60392221074864e-26,1.40977740732031e-24,48.2449644481877
"ANLN",2.06467830825038,5.52287734137393,12.2808598634094,1.36154333502488e-25,3.32221692330038e-24,47.3623668957678
"PYGL",-2.33142547638278,8.1542812261068,-12.2360306899937,1.84133654327274e-25,4.46773638658381e-24,47.062259374122
"GABRE /// MIR224 /// MIR452",-2.26840066177155,6.56149733779095,-12.2330270230684,1.87895315257782e-25,4.55050202865908e-24,47.0421548648357
"C15orf48",3.4911776990522,8.63122194614765,12.1899405189226,2.51120559478498e-25,6.02550089203399e-24,46.7538121200505
"MELK",2.34191398315359,7.0699558965404,12.1617757624238,3.03531442755042e-25,7.19003952263358e-24,46.5653792494596
"KRT19",2.29491457115901,8.33926779540223,12.1582788914439,3.10758761598654e-25,7.34783148326434e-24,46.5419867313805
"CREB3L4",2.38074447325931,8.6763489943103,12.0811894558848,5.21978868850009e-25,1.21430245457741e-23,46.0264591844458
"APCDD1",-2.0493186064634,8.05341607739597,-12.0575059554608,6.12099240610978e-25,1.41633872413032e-23,45.8681443211795
"TPX2",2.12937070336644,7.027549716833,12.0120645731121,8.30805813581101e-25,1.90879473736217e-23,45.5644773736831
"FAM83D",2.26172833521027,6.26707583016544,11.9577807866618,1.1965475932751e-24,2.70599029761394e-23,45.2018821668778
"RBP7",-2.46249748070419,8.47907170642094,-11.9063488735438,1.69032015176963e-24,3.78311136036579e-23,44.8585061339052
"TRPS1",2.08939533690538,9.35652178335925,11.8799146923719,2.01863099800936e-24,4.45643690223802e-23,44.6820896004125
"CFD",-3.44616965803549,10.3460224843779,-11.8322949115527,2.77894144038687e-24,6.06808806673171e-23,44.3644024247307
"PBK",2.28711765654492,5.78910777966456,11.8208462092304,3.00085940346711e-24,6.52498424060411e-23,44.288047486206
"SRPX",-2.71644392086287,8.89572927001158,-11.7852729627425,3.80975625680909e-24,8.17428859002295e-23,44.0508570417582
"ADIRF",-2.64729259670537,10.4388907284409,-11.7673031835801,4.2977665570768e-24,9.16080585836026e-23,43.9310748216565
"WISP2",-2.31959939753664,8.41481569592293,-11.7523068881077,4.7524715866231e-24,1.01134153550745e-22,43.8311310113645
"NUF2",2.27218475022364,5.19356785111892,11.7488105807907,4.86520976792007e-24,1.03363810142996e-22,43.8078319980796
"MFAP5",-2.47142072423433,8.44603079539476,-11.6693643271247,8.28643136616493e-24,1.73774096226473e-22,43.2786570103381
"GALNT6",2.44437229092534,8.17063341441035,11.5968049220988,1.34714066996342e-23,2.76696725265747e-22,42.7957814395752
"COMP",2.80777883761303,7.74600632086587,11.5958766053227,1.35553872232648e-23,2.77981803388942e-22,42.7896063232672
"RARRES2",-2.23742015496786,9.9244828197171,-11.5562139687826,1.76766452547116e-23,3.5853208133033e-22,42.5258387651176
"DLGAP5",2.11260203892023,5.71822212016419,11.5402410131851,1.96704187875903e-23,3.95265799197692e-22,42.4196512267488
"AKR1C3",-3.01585391289238,9.37764539684382,-11.4710149073814,3.12511603209211e-23,6.13723618949888e-22,41.9596917241102
"ENPP2",-2.69037413583061,8.71981039489414,-11.4602295190647,3.35872671346362e-23,6.57611334350999e-22,41.8880680422221
"MRC1",-2.31635150453906,8.46235398747675,-11.432116299213,4.05287883447452e-23,7.87205331900528e-22,41.7014225193842
"BSPRY",2.0598282471988,7.63616692294456,11.4268083777622,4.19918273963459e-23,8.13575987211889e-22,41.6661908916829
"TTK",2.08840450866172,5.26232851475844,11.4100174815355,4.69761434493336e-23,9.07436485291368e-22,41.5547573088739
"TMC4",2.25138304608111,8.23996904168691,11.3905485196477,5.34990568787046e-23,1.02451289334478e-21,41.4255831159914
"MEOX1",-2.00385699968506,6.67316040925882,-11.3576860009356,6.66238185754302e-23,1.26254567726666e-21,41.2076246059007
"CD302 /// LY75 /// LY75-CD302",-2.18812118619589,8.51898692460119,-11.3212143051572,8.49823125627327e-23,1.58727395593789e-21,40.9658486847398
"MB",2.17424100111973,7.50955846509102,11.3160457541959,8.7963670543694e-23,1.64059828639036e-21,40.9315960303283
"CFH",-2.28116773781476,7.85959901625172,-11.3016115520637,9.68540530201631e-23,1.79097216845404e-21,40.835952516115
"SFN",2.01379834715479,8.870040377591,11.2645831907898,1.23978654921495e-22,2.26991102896463e-21,40.5906902300123
"CEP55",2.39551607317926,5.96232912807431,11.2135233353093,1.74227570381353e-22,3.14992770351024e-21,40.2527148814756
"F13A1",-2.0798502738648,9.26237806064353,-11.2038954338089,1.85766884324412e-22,3.32612403505544e-21,40.1890158545127
"S100P",3.73357118255592,8.60726188360695,11.1402040783525,2.83865887436501e-22,5.00660745219188e-21,39.7678735895249
"HIST1H2BD",2.01638308921675,8.9666169702756,11.0157996872872,6.49038233395108e-22,1.10566473854356e-20,38.9465573079994
"SPRY2",-2.01001769677685,7.55107548437203,-10.9268198763956,1.17141418031348e-21,1.94451757987842e-20,38.3602011653988
"ADRA2A",-2.2801522436389,7.61174490106222,-10.8931886390669,1.46397846072552e-21,2.41166299475609e-20,38.1388257706904
"PRR15L",2.06384186185683,7.69721481627371,10.7974757845217,2.75915541746026e-21,4.44880868848011e-20,37.5095706272089
"VLDLR",-2.45546209625723,7.05815584696189,-10.7788184965777,3.12157060795248e-21,5.0026059335594e-20,37.3870458008025
"DSP",2.88556173743751,10.8481941814079,10.7609838272535,3.51228399725907e-21,5.58053348450672e-20,37.2699655321689
"ITM2A",-2.10645035194674,8.56137345697489,-10.6948885053404,5.43559587366987e-21,8.57344714898039e-20,36.8364325542803
"FOXA1",2.99298777799264,7.20362005904736,10.6617903395902,6.762851998343e-21,1.04759644141397e-19,36.6195559650774
"MEST",-2.31108919429485,9.81260605567489,-10.6059078940454,9.77658494363455e-21,1.50011642025201e-19,36.2537280988754
"ZG16B",2.59149104459484,9.07056373019307,10.4771236624629,2.28217410785651e-20,3.38957689863676e-19,35.4123558676839
"GALNT7",2.10965564765625,8.32100573525305,10.4090789799843,3.56830304310822e-20,5.19284100925873e-19,34.9688009025719
"MUC1",2.32697199743409,8.77000994037855,10.3828370656966,4.23881540030352e-20,6.10022868196675e-19,34.7979306159588
"RP11-532F12.5",2.07074034512995,7.44916709965466,10.3380785649636,5.68449922702903e-20,8.07335716258904e-19,34.5067411769685
"APOBEC3B",2.30584782800925,5.92915865178641,10.2919709117075,7.68854083690818e-20,1.07201878199683e-18,34.2071080776555
"S100A14",2.32915993922683,8.29877617717232,10.2680993938272,8.98855486546549e-20,1.23996206916692e-18,34.0521129510219
"CDH1",2.04235162502324,8.32018789793562,10.138532258998,2.09533294634996e-19,2.81277321370929e-18,33.2125033219839
"ADM",-2.24307656228418,8.56904470125035,-10.1174645699361,2.40384913029771e-19,3.20702626519985e-18,33.0762530684334
"CD24",2.66440550749007,10.7259738940793,9.88861123609234,1.063635712836e-18,1.3365977917061e-17,31.6013366496138
"GATA3",2.89800616154206,9.66979419800385,9.78303484278752,2.10563586237326e-18,2.57133199712768e-17,30.9242408940348
"FOSB",-2.6223770336811,8.1161198840796,-9.75961272995514,2.4493937268139e-18,2.96048230612395e-17,30.7743250427977
"CLDN3",2.16118132051271,8.49483526994564,9.71799442414822,3.20363511494521e-18,3.81526490156915e-17,30.5082149814589
"LINC01279",-2.49737105839829,8.59184629934616,-9.70386765259324,3.50899632748199e-18,4.15984304356563e-17,30.417967596316
"C2orf40",-2.4118644984205,7.2208802945397,-9.64287825861918,5.19627824468865e-18,6.03875451157595e-17,30.0288159474646
"IRX5",2.13334757945942,8.57642850938335,9.42071544175822,2.15779994221123e-17,2.34200677674281e-16,28.6180038149655
"ISG15",2.03870084738015,9.97187023475257,9.41199666262813,2.2813121867916e-17,2.46986768112942e-16,28.562859480878
"IRX3",2.02135401501084,10.0373959279541,9.26384261709485,5.85921018764298e-17,6.05078818184515e-16,27.6285088808141
"TOX3",2.15494206178212,6.79062403271407,9.21023229528319,8.23271232471275e-17,8.39503838861715e-16,27.2916919737995
"CHMP4C",2.01186275480648,7.9383358405245,9.08962535022495,1.76506426799625e-16,1.7318442375555e-15,26.5365399067894
"HIST1H2BG /// HIST1H2BJ",2.01969219032722,6.57332297559914,9.01296392342038,2.86088009276834e-16,2.74074424237829e-15,26.0584541179756
"TGFBR3",-2.27060555889169,8.59107058576852,-8.77832090447027,1.24293858614499e-15,1.11580814569489e-14,24.6048182737134
"IFI6",2.0756031053329,9.92857385476613,8.68994918327525,2.15317668027156e-15,1.87586486487282e-14,24.0612901825413
"FOS",-2.31515762371393,10.2418702700584,-8.37080162383628,1.53784611718833e-14,1.22772327473688e-13,22.1175624829499
"CXCL10",2.16206782986813,8.16105979271022,8.1513573299761,5.83861312278442e-14,4.3633297033313e-13,20.7996037036543
"PKIB",2.11660764895589,6.80272956874961,8.12919399935087,6.6751297760247e-14,4.95425155074766e-13,20.6673788118952
"MMP1",2.99419068036467,5.91215120673598,8.04544145377072,1.10553879685024e-13,8.04428201900952e-13,20.1692289336902
"CLGN",2.07429649077863,5.54730774033194,8.03021632980733,1.21142996921115e-13,8.78033078187043e-13,20.0789314767928
"AGR2",2.72394897470749,9.34954565828006,7.8201424910816,4.2454789429806e-13,2.89903009778175e-12,18.841409630277
"MLPH",2.24861284009058,10.6013995751173,7.53072025764796,2.32885252939476e-12,1.46396293869605e-11,17.1632699457845
"APOD",-2.56736363015632,10.6942754879282,-7.49944246430244,2.79396450747353e-12,1.74200063744063e-11,16.9838609118525
"CEACAM6",2.72306883805763,7.65030533189865,7.46939764900277,3.32682288485533e-12,2.0522816217029e-11,16.8118925130988
"MMP9",2.10795849992836,8.4101123702314,7.27058195884329,1.04670626303252e-11,6.08204744871311e-11,15.6832179689377
"SERPINA3",2.30020851424323,11.099474373075,6.85641129672797,1.08188967760058e-10,5.5487988561569e-10,13.3865853839943
"BMPR1B",2.34995403860488,6.48543347790186,6.80094055640144,1.47093066724367e-10,7.44992235329306e-10,13.0848945164265
"ANKRD30A",2.80747059721563,9.12207217415415,6.35848569521751,1.62030236320325e-09,7.22540191574763e-09,10.7319150069193
"CYP2B6 /// CYP2B7P",2.44967980877513,8.31769240990745,5.85557518486857,2.20198127622471e-08,8.50965136846471e-08,8.18116500154446
"TFF1",2.66237402557283,9.81502544883686,5.76197609726379,3.52608974127658e-08,1.33252317122304e-07,7.72200552288227
"NAT1",2.24299639568127,9.46341036368181,5.6953591178866,4.91526330979502e-08,1.82508675699225e-07,7.39831449220254
"AGR3",2.77005512697251,9.86657570323245,5.61019452408148,7.48841629064092e-08,2.70696552127012e-07,6.98831906267749
"S100A7",2.14457557113073,6.18396605137196,5.31792131201433,3.07681419494267e-07,1.02436842945757e-06,5.61474593463075
"CXCL13",2.10434817924747,6.24388696104622,5.31352830476874,3.14166058749611e-07,1.04301524517358e-06,5.59450498077608
